edition_key,corpus,year,city,language,format,dots_represent_continuous_lines,dots_represent_numbers_units,doted_lines_notes,has_diagrams,reprint_of,short_title,author_or_editor,publisher_or_printer,ustc_id,elements_books,includes_elements_plane_geometry_books_1_6,includes_elements_arithmetical_books_7_9,includes_elements_book_10,includes_elements_solid_geometry_books_11_13,additional_content
bib-247,Additional Work,1484,Venice,ITALIAN,4,FALSE,FALSE,,FALSE,,Qui comenza la nobel opera de arithmethica ne la qual se tracta tute cosse amercantia pertinente,Pietro Borghi,Erhard Ratdolt,996599,,,,,,
DDUZGF,Additional Work,1488,Augsburg,LATIN,4,FALSE,TRUE,,TRUE,,De institutione arithmetica,Erhard Ratdolt,Erhard Ratdolt,743530,,,,,,
bib-248,Additional Work,1491/1492,Florence,ITALIAN,8,FALSE,FALSE,,TRUE,,Aritmetica,Filippo Calandri,"Lorenzo Morgiani, Johann Petri",996427,,,,,,
bib-14,Additional Work,1494,Venice,LATIN,2,FALSE,FALSE,,TRUE,,"Somma di arithmetica, geometria, proporzioni e proporzionalità",Luca Pacioli,Paganino de’ Paganini,993495,,,,,,
1496,Additional Work,1496,,LATIN,2,FALSE,TRUE,,TRUE,,Arithmetica decem libris demonstrata,Jacques Lefèvre d'Étaples,"Joannes Higmanus, Volgongus Hopilius",,,,,,,
bib-155,Additional Work,1503,Freiburg,LATIN,4,FALSE,TRUE,,TRUE,,Margarita philosophica,Gregor Reisch,Johann Schott,675099,,,,,,
bib-174,Additional Work,1503,Paris,LATIN,2,FALSE,FALSE,,TRUE,,"Epitome compendiosaque introductio in libros arithmeticos divi Severini Boetii, adjecto familiari commentario dilucidata. Praxis numerandi certis quibusdam regulis constricta. Introductio in geometriam sex libris distincta","Charles de Bovelles, Jacques Lefèvre d'Étaples, Josse Clichtove","Wolfgang Hopyl, Henri Étienne",142874,,,,,,
93PZQ5,Additional Work,1505,Toul,"LATIN, FRENCH",2,FALSE,FALSE,,TRUE,,De artificiali perspectiva. Viator,Jean Pélerin,Pierre Jacobi,110627,,,,,,
XXI4KS,Additional Work,1509,Nuremberg,GERMAN,2,FALSE,FALSE,,TRUE,,Von der kunnst perspectiva,"Jean Pélerin, Jörg Glockendon",Jörg Glockendon,703591,,,,,,
bib-167,Additional Work,1511,Paris,LATIN,2,FALSE,FALSE,,TRUE,,Liber de intellectu. Liber de sensu. Liber de nichilo. Ars oppositorum. Liber de generatione. Liber de sapiente. Liber de duodecim numeris. Epistole complures. Insuper mathematicum opus quadripartitum. De Numeris Perfectis. De Mathematicis Rosis,Charles de Bovelles,H. Estienne,143698,,,,,,
bib-277,Additional Work,1514,Augsburg,GERMAN,4,FALSE,TRUE,Visualization of counting boards,TRUE,,Ain New geordnet Rechen biechlin auf den linien mit Rechen pfeningen,Jacob Koebel,Öglin,610011,,,,,,
N000JX,Additional Work,1516,Alcala,LATIN,2,FALSE,FALSE,,TRUE,,Cursus quattuor mathematicarum artium liberalium,Pedro Ciruelo,Arnao Guillén de Brocar,335713,,,,,,
bib-225,Additional Work,1518,Augsburg,GERMAN,4,FALSE,FALSE,,FALSE,,Ain neu geordnet rechenbuechlein mitt den zyffern: den angenden schulern zu nutz,Johann Böschenstein,"Johann Miller, Erhard Oeglin",608077,,,,,,
bib-8,Additional Work,1525,Nuremberg,GERMAN,2,FALSE,FALSE,,TRUE,,Underweysung der messung mit dem zirckel und richtscheyt in linien ebnen unnd gantzen corporen durch Albrecht duerer zu samen getzogen mit zu gehoerigen figuren,Albrecht Dürer,Hieronymus Andreae,701774,,,,,,
6PMNRZ,Additional Work,1526,Paris,LATIN,2,FALSE,TRUE,"Visualization of counting boards; Dots in diagrams of triangular, cubic, pyramidal and other figurate numbers",TRUE,,Arithmetica theoricen praxinque luculenter complexa,"Juan Martínez Silíceo, Thomas Blaurer",Simon de Colines,145738,,,,,,
bib-278,Additional Work,1527,Nuremberg,GERMAN,8,FALSE,FALSE,,CONTEXT DEPENDENT,,"Rechnung auff der Linien und Federn, Auff allerley handthierung gemacht",Adam Ries,Peypus,690031,,,,,,
Strasbourg_1529,Additional Work,1529,Strasbourg,LATIN,,FALSE,FALSE,,TRUE,,"Elementale geometricum, ex Euclidis geometria",Johann Vögelin,Christian Egenolff,710249,,,,,,
C8SLYQ,Additional Work,1531,Simmern,GERMAN,2,FALSE,FALSE,,TRUE,,"EYn schön nützlich büchlin und underweisung der kunst des messens, mit dem Zirckel, Richtscheidt oder linial. Zu nutz allen kunstliebhabern, fürnemlich den Malern, Bildhawern, Goldschmiden, Seidenstickern, Steynmetzen, schreinern, auch allen denen, so sich der kunst des Augenmes <Perspectiva zu Latin gnant> zugebrauchen lust Haben. Dariñ Man auch solche kunst leichter, Dañ aus etzlichen hieuor Getruckten büchern, Begreiffen uñ lernen Mag, mit vil schönen Darzu dienenden figuren.",,Hieronymus Rodler,2215506,,,,,,
Paris_1532,Additional Work,1532,Paris,LATIN,4,FALSE,FALSE,,TRUE,,Protomathesis,Oronce Finé,"Jean Pierre, Gérard Morrhy",138121,,,,,,
Nuremberg_1539,Additional Work,1539,Nuremberg,GERMAN,4,TRUE,FALSE,,TRUE,,Das erst buch der geometria. Ein kurtze unterweisung was und warauff geometria gegruendet sey und wie man allerley lini flech und coerper außtheylen und in fuergegebner proportion machen soll,Wolfgang Schmid,Johann Petreius,627153,,,,,,
bib-1,Additional Work,1542,Paris,FRENCH,4,FALSE,FALSE,,TRUE,,Livre singulier et utile touchant l'art et practique de geometrie,Charles de Bovelles,Benoît Prévost,24271,,,,,,
Z0K13S,Additional Work,1543,Nuremberg,LATIN,2,FALSE,FALSE,,TRUE,,"De revolutionibus orbium coelestium, libri VI.",Nicolaus Copernicus,Johannes Petreius,678039,,,,,,
ZN24V0,Additional Work,1543,Nuremberg,GERMAN,4,TRUE,FALSE,See p. 81 for an example,TRUE,,"Ein aigentliche und grundtliche anweysung in die geometria, sonderlich aber wie alle regulierte und unregulierte corpora in den grundt gelegt und in das perspecktiff gebracht auch mit iren linien auffzogen sollen werden",Augustin Hirschvogel,"Johann VomBerg, Ulrich Neuber",642404,,,,,,
bib-9,Additional Work,1544,Strasbourg,LATIN,4,FALSE,FALSE,,TRUE,,"Liber de geometria practica, sive de practicis longitudinum,planorum et solidorum ex demonstratisexclidis elementis corollarius. Ubi et de quadrato geometrico, et virgis seu baculis mensoriis. Nunc primum apud Germanos in lucem emissus.",Oronce Finé,"Georg Messerschmidt, Johann Knobloch",681773,,,,,,
QWCWLH,Additional Work,1545,Paris,"FRENCH, ITALIAN",4,TRUE,FALSE,An architectural treatise including chapters on geometry and perspective; see pp. 25 and 79 for examples of  dotted lines,TRUE,,"Il primo libro [-secondo] d'architettura, di Sabastiano Serlio, bolognese. Le premier liure d'architecture de Sebastian Serlio, bolognois, mis en langue francoyse, par Iehan Martin",Sebastiano Serlio,Jean Barbé,856046,,,,,,
bib-222,Additional Work,1546,London,ENGLISH,8,FALSE,FALSE,Visualization of counting boards,TRUE,,"An introduction for to lerne to recken with the pen or with the counters, accordyng to the trewe cast of algorisme, in hole numbers or in broken",,John Hertford,503714,,,,,,
6X6R6Y,Additional Work,1547,Nuremberg,GERMAN,2,TRUE,FALSE,"The book includes sections on military subjects, perspective and other topics; Visualization of army layouts; Dots in visualizations of scales",TRUE,,Der furnembsten notwendigsten der gantzen Architectur angehoerigen mathemathischen und mechanischen kuenst,Walther Hermann Ryff,Johann Petreius,633342,,,,,,
bib-2,Additional Work,1547,Paris,FRENCH,4,FALSE,FALSE,,TRUE,,Geometrie practique,Charles de Bovelles,"Regnaud Chaudiere, Claude Chaudiere",29667,,,,,,
bib-211,Additional Work,1547,Antwerp,DUTCH,4,FALSE,FALSE,,TRUE,,"Een sonderlinghe profytelijck boeck, aenghaende de conste ende practijcke van geometrien",Charles de Bovelles,Jan Roelants,400769,,,,,,
bib-169,Additional Work,1552,Paris,FRENCH,4,FALSE,FALSE,,TRUE,,"Sphaera mundi, sive cosmographia quinque libris recens auctis et emendatis absoluta in qua tum prima astronomiae pars, tum geographiae, ac hydrographiae rudimenta pertractantur",Oronce Finé,Michel de Vascosan,151203,,,,,,
5KCP5R,Additional Work,1553,Antwerp,DUTCH,2,TRUE,FALSE,,TRUE,,"Den tweeden boeck van architecturen tracterende van perspectyven, dat is, het insien duer tvercorten",Sebastiano Serlio,Mayken Verhulst,400871,,,,,,
bib-15,Additional Work,1554,Lyon,FRENCH,8,FALSE,FALSE,,TRUE,,L' Arithmetique de Jacques Peletier du Mans,Jacques Peletier,Jean di Tournes,29806,,,,,,
bib-82,Additional Work,1554,Lyon,LATIN,4,FALSE,FALSE,,TRUE,,Io. Buteonis delphinatici opera geometrica,Jean Borrel,Thomas Bertel,151615,,,,,,
ustc-44,Additional Work,1555,Paris,FRENCH,4,FALSE,FALSE,,TRUE,bib-2,Géométrie practique,Charles de Bovelles,Guillaume Cavellat,,,,,,,
bib-46,Additional Work,1555,Paris,FRENCH,4,CONTEXT DEPENDENT,FALSE,Dotted lines are used in a pictorial illustration to demarcate intervals on a scale; see fol. 22v,TRUE,,Usaige Et description de l'holometre,Abel Foullon,"Pierre Beguin, Pierre Le Compassier",29705,,,,,,
L8R7FQ,Additional Work,1556,Paris,FRENCH,4,FALSE,TRUE,,TRUE,,L'arithmetique,Pierre Forcadel,"Benoît Prévost, Guillaume Cavellat",23227,,,,,,
bib-147,Additional Work,1557,Venice,ITALIAN,4,FALSE,FALSE,Dots in visualizations of scales,TRUE,,Due dialoghi di m. Iacomo de' Lanteri da Paratico bresciano; ne i quali s'introduce messer Girolamo Catanio novarese & messer Francesco Trevisi ingegnero veronese con un giovene bresciano a ragionare del modo di disegnare le piante delle fortezze secondo Euclide; et del modo di comporre i modelli et torre in disegno le piante della città,Giacomo Lanteri,"Vincenzo Valgrisi, Baldessar Costantini",837348,,,,,,
6AMYTJ,Additional Work,1557,Paris,FRENCH,4,FALSE,TRUE,"Although the dots represent units, they seem to convey geometrical relationships; see fol. 2v",TRUE,,Le troysiesme livre de l'arithmetique,Pierre Forcadel,"Benoît Prévost, Guillaume Cavellat",23230,,,,,,
4TJF1A,Additional Work,1557,Paris,FRENCH,4,FALSE,FALSE,,TRUE,,Le second livre de l'arithmetique,Pierre Forcadel,"Benoît Prévost, Guillaume Cavellat",41448,,,,,,
VWMZ7L,Additional Work,1557,Paris,LATIN,8,TRUE,TRUE,Arithmetical numbers in diagrams of square numbers; see fol. 42r for an example of a geometrical dotted line,TRUE,,"De arithmetica, musica, geometria et Proclus de sphaera",Elie Vinet,Guillaume Cavellat,152233,,,,,,
bib-41,Additional Work,1558,Venice,LATIN,4,FALSE,FALSE,,TRUE,,"Planisphaerium. Iordani Planisphaerium. Federici Commandini Urbinatis in Ptolemaei Planisphaerium commentarius. In quo universa scenographices ratio quam brevissime traditur, ac demonstrationibus confirmatur",Federico Commandino,Paolo Manuzio,851487,,,,,,
bib-123,Additional Work,1558,Lyon,ITALIAN,4,FALSE,FALSE,Dots in visualizations of scales,TRUE,,"Due breui e facili trattati, il primo d'arithmetica, l'altro de geometria, ne i quali si contengono alcune cose nuoue piaceuoli e utili si a gentilhuomini come artegiani",Giovanni Francesco Peverone,Jean di Tournes,152457,,,,,,
bib-83,Additional Work,1559,Lyon,LATIN,4,FALSE,FALSE,,TRUE,,"Opera geometrica, quorum tituli sequuntur. De arca Noe, cuius formae, capacitatisque fuerit, de sublicio ponte Caesaris, confutatio quadraturae circuli ab Orontio Finaeo factae, ad locum quintiliani geometricum explanatio",Jean Borrel,Michael Jouve,152716,,,,,,
bib-251,Additional Work,1560,Cologne,LATIN,2,FALSE,FALSE,,FALSE,,"De fixis stellis commentarius tabulae bergenses aequabilis et adparentis motus orbium coelestium. Ad illustrissimum principem D. Robertum de bergis, leodii episcopum per Joannem stadium, regium et ducis sabaudiae mathematicum. Quae decem canonibus ad omnium seculorum memoriam planetarum et siderum vera loca cum observationum historiis congruentia suppeditant. Item de fixis stellis commentarius",Johannes Stadius,Birckmann,695966,,,,,,
bib-276,Additional Work,1560,Padua,LATIN,2,FALSE,FALSE,,TRUE,,"Procli Diadochi Lycii philosophi platonici ac mathematici probatissimi In primum Euclidis Elementorum librum commentariorum ad vniuersam mathematicam disciplinam principium eruditionis tradentium libri IIII. A Francisco Barocio patritio Veneto summa opera, cura, ac diligentia cunctis mendis expurgati: scholiis, & figuris, quae in graeco codice omnes desiderabantnr [!] aucti: primùm iam Romanae linguae venustate donati, et nunc recèns editi. Cum catalogo deorum, & virorum illustrium, atque autorum ... & indice locupleti notabilium omnium in opere contentorum",Francesco Barozzi,Gracioso Perchacino,851416,,,,,,
2I9HSY,Additional Work,1560,Paris,FRENCH,2,TRUE,FALSE,,TRUE,,Livre de perspective,Jean Cousin,Jean Le Royer,23189,,,,,,
bib-47,Additional Work,1561,Paris,FRENCH,4,CONTEXT DEPENDENT,FALSE,Dotted lines are used in a pictorial illustration to demarcate intervals on a scale,TRUE,,Usaige et description de l'Holometro,Abel Foullon,Pierre Beguin,,,,,,,
bib-91,Additional Work,1563,Venice,ITALIAN,4,FALSE,FALSE,"Although no dotted lines appear, some diagram regions are filled with dots",TRUE,,"Libro di arithmetica & geometria speculativa & praticale, composto per maestro Francesco Feliciano da Lazesio veronese intitulato Scala grimaldelli, novamente stampato",Francesco Feliciano,Francesco Di Leno,828977,,,,,,
bib-266,Additional Work,1563,Antwerp,FRENCH,8,FALSE,FALSE,,FALSE,,Arithmetique de M. Valentin Mennher,Valentin Mennher,Gilles Copenius,29854,,,,,,
bib-282,Additional Work,1563,Paris,FRENCH,8,FALSE,TRUE,Arithmetical numbers in diagrams of figurate numbers,TRUE,,l'art d'arithmetique,Claude de Boissière,Guillaume Cavellat,60074,,,,,,
bib-4,Additional Work,1564,Paris,FRENCH,4,TRUE,FALSE,,TRUE,,Petit traicte de geometrie et d'horologiographie pratique,Jean Bullant,Guillaume Cavellat,30232,,,,,,
bib-33,Additional Work,1564,Venice,ITALIAN,4,FALSE,FALSE,,TRUE,,"Del modo di misurare le distantie, le superficie, i corpi, le piante, le provincie, le prospettiue, & tutte le altre cose terrene, che possono occorrere a gli uomini, secondo le vere regole d'Euclide, & de gli altri più lodati scrittori",Cosimo Bartoli,Francesco de Franceschi,812411,,,,,,
bib-39,Additional Work,1564,Venice,ITALIAN,2,FALSE,FALSE,Dots in army layouts and as cartographic symbols,TRUE,,Della fortificatione delle città,"Girolamo Maggi, Jacomo Fusti Castriotto",Rutilio Borgominiero,839564,,,,,,
bib-285,Additional Work,1564,London,ENGLISH,8,FALSE,FALSE,,FALSE,,"The welspring of sciences, which teacheth the perfecte worke and practise of arithmeticke both in whole numbers & fractions, with such easie and compendious instruction into the saide art, as hath not heretofore been by any set out nor laboured. Beautified with most necessary rules and questions, not onely profitable for marchauntes, but also for all artificers, as in the table doth plainely appere",Humfrey Baker,"Henry Denham, James Rowbothum",506211,,,,,,
L3XLGB,Additional Work,1564,Poitiers,FRENCH,4,FALSE,FALSE,,TRUE,,"La maniere de fere les solaires, que communement on appelle quadrans",Elie Vinet,Enguilbert de Marnef,15346,,,,,,
S105XB,Additional Work,1564,Frankfurt,GERMAN,2,TRUE,FALSE,,TRUE,,Des circkels unnd richtscheyts auch der perspectiua und proportion der menschen und rosse kurtze doch gruendtliche underweisung deß rechten gebrauchs,Heinrich Lautensack,"Sigmund Feyerabend, Georg Rab, Heinrich Lautensack",634990,,,,,,
bib-27,Additional Work,1565,Venice,ITALIAN,4,FALSE,FALSE,,TRUE,,L'architettura. Con la aggiunta de' disegni,Leon Battista Alberti,Francesco de Franceschi,808306,,,,,,
YPQYIR,Additional Work,1565,Paris,FRENCH,4,FALSE,FALSE,,TRUE,,Le livre d'Archimède des pois,Pierre Forcadel,Charles Périer,29458,,,,,,
YQDZSW,Additional Work,1565,Paris,FRENCH,4,TRUE,FALSE,,TRUE,,Le premier livre des choses egallement pesantes,Pierre Forcadel,Charles Périer,24408,,,,,,
YCXMIJ,Additional Work,1565,Paris,FRENCH,,FALSE,FALSE,,TRUE,,"Deux livres de Proclus du mouvement, traduict et commenté ",Pierre Forcadel,Charles Périer,51314,,,,,,
UEIZFO,Additional Work,1565,Paris,FRENCH,4,FALSE,FALSE,,TRUE,,Arithmetique entiere et abregee,Pierre Forcadel,Charles Périer,19644,,,,,,
bib-44,Additional Work,1567,Paris,FRENCH,2,TRUE,FALSE,See fol. 232r for an example,TRUE,,Le premier tome de l'architecture,De l’Orme Delorme,Frédéric Morel,24434,,,,,,
bib-71,Additional Work,1567,Venice,LATIN,2,FALSE,FALSE,,TRUE,,"De architectura libri decem, cum commentariis Danielis Barbari, electi patriarchae Aquileiensis; multis aedificiorum, horologiorum, et machinarum descriptionibus, & figuris, unà cum indicibus copiosis, auctis & illustratis",Marcus Vitruvius Pollio,Francesco de Franceschi,863690,,,,,,
bib-151,Additional Work,1567,Brescia,ITALIAN,4,FALSE,FALSE,,TRUE,,"Tavole brevissime per sapere con prestezza quante file vanno a formare una giustissima battaglia. Con li suoi armati di corsaletti, da cento fin a ventimilia huomini. Et appresso un facilissimo, et approvato modo di armarla di archibugieri, & di ale di cavalleria secondo l'uso moderno. Di nuovo aggionte, et largamente ampliate, tanto nella dichiaratione, come in esse tavole, dal medesimo auttore. Di Girolamo Cataneo novarese",Girolamo Cataneo,Thomaso Bozola,819744,,,,,,
K7DERJ,Additional Work,1567,Augsburg,GERMAN,2,FALSE,FALSE,,FALSE,,Geometria et perspectiva. Hier inn etliche zerbrochne gebew den schreinr in eingelegter arbait dienstlich auch vil andern liebhabern zu sondr gefallen geordnet unnd gestelt durch lorentz stöer maller burger inn Augspurg.,Lorenz Stör,Hans Rogel,659349,,,,,,
bib-18,Additional Work,1568,Salamanca,SPANISH,,TRUE,FALSE,See p. 188 for an example,TRUE,,Obra intitulada fragmentos mathematicos,Juan Pérez de Moya,Juan de Canova,,,,,,,
bib-26,Additional Work,1568,Venice,ITALIAN,4,FALSE,FALSE,,TRUE,,"Opuscoli morali: ne' quali si contengono molti ammaestramenti, necessarii al viver de l'huomo, così posto in dignità, come privato",Leon Battista Alberti,Francesco de Franceschi,808308,,,,,,
0NKS71,Additional Work,1568,Paris,FRENCH,8,FALSE,FALSE,,FALSE,,La description d'un aneau horaire,Pierre Forcadel,Mathurin Prévost,30252,,,,,,
MIZPJ8,Additional Work,1568,Nuremberg,GERMAN,2,FALSE,FALSE,,FALSE,,"Perspectiva. Corporum regulariuM. Das ist ein fleyssige fürweysung wie die fünff regulirten cörper, darvon Plato inn Timaeo unnd Euclides inn sein elementis schreibt","Wenzel Jamnitzer, Jost Amman",Christoph Heußler,683519,,,,,,
Valencia_1569,Additional Work,1569,Valencia,LATIN,8,FALSE,FALSE,,TRUE,,Elementa Arithmeticae ac Geometriae,Pedro Monçón,Pedro de Huete,340160,,,,,,
bib-21,Additional Work,1569,Basel,LATIN,4,TRUE,FALSE,,TRUE,,P. Rami arithmeticae libri duo: geometriae septem et viginti,Pierre de la Ramée,Eusebius Episcopius,681992,,,,,,
JXC181,Additional Work,1569,Venice,ITALIAN,2,TRUE,FALSE,,TRUE,,La pratica della perspettiva,Daniele Barbaro,"Rutilio Borgominieri, Camillo Borgominieri",812223,,,,,,
JTRIRS,Additional Work,1569,Venice,ITALIAN,2,TRUE,FALSE,,TRUE,,"La pratica della perspettiua di monsignor Daniel Barbaro eletto patriarca d'Aquileia. Opera molto utile a pittori, a scultori, & ad architetti",Daniele Barbaro,"Rutilio Borgominieri, Camillo Borgominieri",812217,,,,,,
bib-10,Additional Work,1570,Paris,FRENCH,4,FALSE,FALSE,,TRUE,,La practique de la geometrie,"Pierre Forcadel, Oronce Finé",Gilles Gourbin,23433,,,,,,
bib-42,Additional Work,1570,Pesaro,LATIN,4,TRUE,FALSE,,TRUE,,De superficierum divisionibus liber Machometo Bagdedino ascriptus,"John Dee, Federico Commandino",Hieronymus Concordia,843746,,,,,,
bib-252,Additional Work,1570,Antwerp,LATIN,16,FALSE,FALSE,,FALSE,,Ephemeris metheorologica. Seer schoone beschrijvinge van de revolutie ende het gulden schrickeljaer ons heeren 1600,Johannes Stadius,Arnout Coninx,430590,,,,,,
E4JQEB,Additional Work,1570,Paris,FRENCH,4,FALSE,FALSE,,FALSE,,L'arithmetique demonstree,Pierre Forcadel,"Jérôme de Marnef, Guillaume Cavellat",23247,,,,,,
bib-7,Additional Work,1571,London,ENGLISH,4,FALSE,FALSE,,TRUE,,"A geometrical practise, named Pantometria divided into three bookes, longimetra, planimetra, and stereometria, containing rules manifolde for mensuration of all lines, superficies and solides","Leonard Digges, Thomas Digges",Henrie Bynneman,507303,,,,,,
Q4F538,Additional Work,1571,Nuremberg,GERMAN,2,TRUE,FALSE,,TRUE,,Perspectiva hierinnen auffs kürtzte beschrieben mit exempeln eroeffnet und an tag gegeben wird ein newer besonder kurtzer doch gerechter unnd sehr leichter weg wie allerley ding in die perspectyf gebracht werden mag dergleichen weg bißhero noch nit bekant gewesen,Hans Lencker,Dietrich Gerlach,683514,,,,,,
bib-16,Additional Work,1572,Paris,FRENCH,4,FALSE,FALSE,,TRUE,,De usu geometriae liber I,Jacques Peletier,Gilles Gourbin,170085,,,,,,
bib-223,Additional Work,1572,Frankfurt,GERMAN,8,FALSE,FALSE,Visualization of counting boards,TRUE,,"Rechenbuchlin kuenstlich behend und gewiß auff alle kauff manschafft gericht. Nach gemeinen regeln de tri. Welschen practic. Regeln falsi. Etlichen regeln cosse. Proportion des gesangs in diatonio außzutheilen monochordum, orgelpfeiffen und andre instrument durch erfindung pythagore. Buchhalten durch das zornal kaps und schuldtbuch. Visier ruthen zumachen durch den quadrat und triangel sampt andern lustigen stuecken der geometri.",Heinrich Schreiber,Egenolff,673942,,,,,,
LQNZBJ,Additional Work,1572,Paris,FRENCH,4,FALSE,FALSE,,FALSE,,Deux livres l'un de la sphere qui est meue et l'autre du lever et coucher des estoilles,Pierre Forcadel,"Jérôme de Marnef, Guillaume Cavellat",21203,,,,,,
bib-17,Additional Work,1573,Paris,FRENCH,4,FALSE,FALSE,,TRUE,,De l'vsage de geometrie,Jacques Peletier,Gilles Gourbin,23473,,,,,,
bib-264,Additional Work,1573,Antwerp,FRENCH,8,FALSE,FALSE,,FALSE,,"Livre d'arithmetique: contenant plusieurs belles questions et demandes, propres et utiles à tous ceux qui hantent la trafique de marchandise. Ensemble une ample declaration sur le fait des changes","Valentin Mennher, Michel Coignet",Jean Waesberghe,75745,,,,,,
5J1UUA,Additional Work,1573,Paris,FRENCH,4,FALSE,FALSE,,FALSE,,L'arithmetique entiere et abregee,Pierre Forcadel,"Guillaume Cavellat, Jérôme de Marnef",23254,,,,,,
bib-131,Additional Work,1574,London,ENGLISH,4,FALSE,TRUE,Arithmetical numbers in diagrams of figurate numbers,TRUE,,"The pathewaie to knowledge containyng the first principles of geometrie, as thei maie moste aptly bee applied unto practise, bothe for use of instrumentes geometricall, and astronomicall",Robert Recorde,"John Harrison, John Kingston",507872,,,,,,
bib-255,Additional Work,1574,Cologne,LATIN,4,TRUE,FALSE,,TRUE,,Cosmographia,"Petrus Apianus, Gemma Frisius",Birckmann,625652,,,,,,
bib-24,Additional Work,1575,Bordeaux,LATIN,4,TRUE,FALSE,Includes dotted lines in the section presenting the definitions of Book VI of Euclid's Elements; this work also contains other sections from the Elements,TRUE,,Definitiones elementi quincti et sexti,Elie Vinet,Simon Millanges,110035,,,,,,
bib-28,Additional Work,1576,Paris,FRENCH,2,FALSE,FALSE,,TRUE,,Leçons de perspective positive,Jacques Androuet du Cerceau,Mamert Patisson,14752,,,,,,
bib-25,Additional Work,1577,Bordeaux,FRENCH,4,TRUE,TRUE,Many geometrical dotted lines; Dots in an illustration of square numbers,TRUE,,"L'arpanterie, livre de geometrie, enseignant à mezurer les champs et pluzieurs autres chozes",Elie Vinet,Simon Millanges,24011,,,,,,
ustc-32,Additional Work,1578,Paris,FRENCH,8,FALSE,FALSE,,TRUE,,L'arithmetique. Premiere partie,Niccolò Tartaglia,Gilles Beys,56127,,,,,,
bib-64,Additional Work,1579,Paris,LATIN,2,FALSE,FALSE,,FALSE,,"Canon mathematicus, seu, ad triangula, cum appendicibus",François Viète,Jean Mettayer,170476,,,,,,
bib-153,Additional Work,1579,London,ENGLISH,4,FALSE,FALSE,,TRUE,,"An arithmeticall militare treatise, named Stratioticos compendiously teaching the science of numbers, as well in fractions as integers, and so much of the rules and aequations algebraicall and arte of numbers cossicall, as are requisite for the profession of a soldiour.",Leonard Digges,Henrie Bynneman,508740,,,,,,
bib-128,Additional Work,1580,Basel,LATIN,4,TRUE,FALSE,,TRUE,,Geometriae septem et viginti P. Rami arithmeticae libri duo: geometriae septem et viginti.,Pierre de la Ramée,Eusebius Episcopius,681966,,,,,,
bib-156,Additional Work,1581,Venice,ITALIAN,4,FALSE,FALSE,,TRUE,,Le mechaniche nelle quali si contiene la vera dottrina di tutti gli istrumenti principali da mover pesi grandissimi con picciola forza,Guidobaldo del Monte,Francesco de Franceschi,826166,,,,,,
ZGOHUR,Additional Work,1581,Rome,LATIN,2,TRUE,FALSE,Many geometrical dotted lines,TRUE,,Gnomonices libri octo,Christopher Clavius,Francesco Zanetti,822862,,,,,,
bib-29,Additional Work,1582,Paris,FRENCH,2,FALSE,FALSE,,CONTEXT DEPENDENT,,Livre d'architecture,Jacques Androuet du Cerceau,Jacques Androuet du Cerceau,30808,,,,,,
bib-185,Additional Work,1582,Antwerp,DUTCH,8,FALSE,FALSE,,FALSE,,"Tafelen van interest, midtsgaders de constructie der selver",Simon Stevin,Christophe Plantin,414590,,,,,,
bib-262,Additional Work,1582,Antwerp,FRENCH,8,FALSE,FALSE,,TRUE,,L'arithmetique,Gemma Frisius,Jean Withage,30316,,,,,,
7Y5IWJ,Additional Work,1582,Antwerp,FRENCH,8,FALSE,FALSE,,TRUE,,L'arithmetique,"Gemma Frisius, Pierre Forcadel","Jan Verwithagen, Joannes Withagius",75011,,,,,,
bib-19,Additional Work,1583,Alcala,SPANISH,2,TRUE,FALSE,,TRUE,,Tratado de geometria practica y speculativa,Juan Pérez de Moya,Juan Gracián,340987,,,,,,
bib-152,Additional Work,1583,Venice,ITALIAN,2,TRUE,FALSE,,TRUE,,"Della fortificatione delle citta di m. Girolamo Maggi, e del capitan Iacomo Castriotto libri III. Discorso del medesimo Maggi sopra la fortificatione de gli alloggiamenti de gli esserciti. Discorso del capitan Francesco Montemellino sopra la fortificatione del Borgo di Roma. Trattato dell'ordinanze, ò vero battaglie del capitan Giovacchino da Coniano. Ragionamento del sudetto Castriotto sopra le fortezze della Francia",Girolamo Maggi,Camillo Borgominiero,839569,,,,,,
bib-253,Additional Work,1583,Lyon,LATIN,4,FALSE,FALSE,,TRUE,,"Ephemerides perpetuelles du jour et de la nuict, reformees depuis l'an de correction 1582",Johannes Stadius,"Q. Philip Tinghi, Symphorian Beraud, Stephen Michael",75055,,,,,,
5V691B,Additional Work,1583,Basel,LATIN,8,FALSE,FALSE,,FALSE,,Epiloimia seu liber tristium Joan.thomae freigii quaestiones geometricae et stereometricae in euclidis & rami stoicheiosin: in quibus logica veterum mathematicorum illustratur et demonstratur.,Johannes Thomas Freig,Sebastian Henricpetri,667395,,,,,,
B9OW5O,Additional Work,1583,Vienna,GERMAN,2,FALSE,FALSE,,CONTEXT DEPENDENT,,"Künstlicher und zierlicher newer vor nie gesehener funfftzig perspectifischer stueck oder boden aus rechtem grundt und arth des circkels, winckelmaß unnd richtscheit, mit rechter schattierung tag und nachts",Georg Hass,Stephan Creutzer,669590,,,,,,
612FNN,Additional Work,1583,Rome,ITALIAN,2,TRUE,FALSE,,TRUE,,Le due regole della prospettiva pratica di m. Iacomo Barozzi da Vignola con i commentarii del reverendo padre maestro Egnatio Danti dell'Ordine de predicatori matematico dello studio di Bologna,"Giacomo Barozzi da Vignola, Egnazio Danti",Francesco Zanetti,807538,,,,,,
bib-87,Additional Work,1584,Brescia,ITALIAN,4,TRUE,FALSE,,TRUE,,"Dell’arte del misurare libri due, nel primo de’ quali s’insegna a misurare et partir i campi. Nel secondo a misurar le muraglie imbottar grani vini fieni & strami; col liuellar dell’acque & altre cose necessarie a gli agrimensori. Libri primo",Girolamo Cataneo,Thomaso Bozzola,819753,,,,,,
bib-181,Additional Work,1584,Paris,LATIN,8,FALSE,FALSE,,FALSE,,"Testamentum, cum senatusconsulto et promulgatione professionis institutae ab ipso testatore",Pierre de la Ramée,Jean Richer,171828,,,,,,
TMVVZN,Additional Work,1584,Milan,ITALIAN,4,FALSE,FALSE,,FALSE,,"Trattato dell'arte de la pittura, di Giovanni Paolo Lomazzo milanese pittore. Diviso in sette libri. Ne' quali si contiene tutta la theorica, & la prattica d'essa pittura",Giovanni Paolo Lomazzo,Paolo Gottardo Da Ponte,838474,,,,,,
MYFHIS,Additional Work,1584,Venice,ITALIAN,4,FALSE,FALSE,,CONTEXT DEPENDENT,,"Tutte l'opere d'architettura di Sebastiano Serlio bolognese. Dove si trattano in disegno quelle cose che sono piu necessarie all'architetto. Et hora di nuovo aggiunto, oltre il libro delle porte, gran numero di case private nella citta & in villa, et un indice copiosissimo raccolto per via di considerationi da m. Giovanni Domenico Scamozzi","Sebastiano Serlio, Giovanni Domenico Scamozzi",Francesco de Franceschi,856063,,,,,,
bib-5,Additional Work,1585,Paris,FRENCH,4,FALSE,FALSE,,TRUE,,La pratique universelle de geometrie,Jacques Chauvet,Henry Thierry,30329,,,,,,
bib-35,Additional Work,1585,Turin,LATIN,2,FALSE,FALSE,,TRUE,,"Diversarum speculationum mathematicarum, & physicarum liber, quarum seriem sequens pagina indicabit",Giovanni Battista Benedetti,Nicolò Bevilacqua,813589,,,,,,
bib-186,Additional Work,1585,Leiden,FRENCH,8,FALSE,FALSE,,TRUE,,L'arithmetique. Ensemble les quatre premiers livres d'algebre,Simon Stevin,Christophe Plantin,30332,,,,,,
bib-258,Additional Work,1585,Leiden,DUTCH,8,FALSE,FALSE,,TRUE,,"De thiende leerende door onghehoorde lichticheyt allen rekeningen onder den menschen noodich vallende, afveerdighen door heele ghetalen sonder ghebrokenen",Simon Stevin,Christophe Plantin,422286,,,,,,
TJONV6,Additional Work,1585,Paris,FRENCH,8,FALSE,FALSE,,TRUE,,L'arithmetique,"Gemma Frisius, Lucas Tremblay, Pierre Forcadel","Guillaume Cavellat, Charles Roger, Jérôme de Marnef",23263,,,,,,
X2T7PY,Additional Work,1586,Rome,LATIN,4,TRUE,FALSE,,TRUE,,Fabrica et usus instrumenti ad horologiorum descriptionem,Christopher Clavius,Bartholomaeus Grassium,822868,,,,,,
X5YBIB,Additional Work,1586,Paris,FRENCH,4,FALSE,FALSE,,TRUE,,La practique de la geometrie,"Oronce Finé, Pierre Forcadel",Gilles Gourbin,39209,,,,,,
144JC3,Additional Work,1586,Ferrara,ITALIAN,4,FALSE,FALSE,,TRUE,,"Della nuova geometria di Franc. Patrici libri XV. Ne' quali con mirabile ordine, e con dimostrazioni a maraviglia più facili, e più forti delle usate si vede che le matematiche per via regia, e più piana che da gli antichi fatto non si è, si possonotrattare",Francesco Patrizi,Vittorio Baldini,847045,,,,,,
Ferrara_1587,Additional Work,1587,Ferrara,ITALIAN,4,FALSE,FALSE,Includes dots indicating angle equality,TRUE,,Della nuova geometria,Francesco Patrizi,Vittorio Baldini,847050,,,,,,
bib-45,Additional Work,1587,Venice,ITALIAN,4,TRUE,FALSE,A single diagram containing dotted lines appears on fol. 83v; possibly a borderline example,TRUE,,"Opere divise in cinque parti; aritmetica, geometria, cosmografia, e oriuoli, et gli specchi",Oronce Finé,Francesco de Franceschi,829603,,,,,,
bib-154,Additional Work,1590,London,ENGLISH,4,FALSE,FALSE,,TRUE,,"An arithmeticall warlike treatise named Stratioticos compendiously teaching the science of nombers as well in fractions as integers, and so much of the rules and aequations algebraicall, and art of nombers cossicall, as are requisite for the profession of a soldier.",Leonard Digges,Richard Field,511499,,,,,,
bib-259,Additional Work,1591,Tours,LATIN,,TRUE,TRUE,,TRUE,,"Michaelis Pselli Arithmetica, musica et geometria",Elie Vinet,Claude Michael,,,,,,,
bib-52,Additional Work,1592,Venice,LATIN,4,TRUE,FALSE,,TRUE,,"De planis triangulis liber unicus. Eiusdem De dimetiendi ratione per quadrantem, & geometricum quadratum, libri quinque. Opus valde utile geometris, astronomis, geographis, mechanicis, architectis, militibus, agrorum mensoribus, et denique omnibus mathematicarum professoribus",Antonio Magini Giovanni,Giovanni Battista Ciotti,839611,,,,,,
XHZ2XV,Additional Work,1592,Tournon,LATIN,12,FALSE,FALSE,,TRUE,,"Arithmetica, musica et geometria: Procli sphaera",Elie Vinet,Claude Michel,110639,,,,,,
Tours_1593,Additional Work,1593,Tours,LATIN,2,FALSE,FALSE,,TRUE,,"Variorum de rebus mathematicis responsorum. Liber VIII: Cuius praecipua capita sunt, De duplicatione Cubi, & Quadratione Circuli",François Viète,Jamet Mettayer,112198,,,,,,
JZ3MT9,Additional Work,1593,Antwerp,LATIN,4,FALSE,FALSE,,FALSE,,"Ideae mathematicae pars prima, sive methodus polygonorum, qua laterum, perimetrorum & arearum cujuscunque polygoni investigandorum ratio exactissima & certissima; una cum circuli quadratura continentur",Adriaen von Roomen,Johannes Keerberg,413059,,,,,,
bib-59,Additional Work,1594,Leiden,LATIN,2,FALSE,FALSE,,FALSE,,"Cyclometrica elementa duo. Ad illustres nobilib. amplib. Hollandiae, Westfrisiae, et Zeelandiae ordines",Josephus Justus Scaliger,Franciscus Raphelengius,423318,,,,,,
bib-105,Additional Work,1594,Nuremberg,LATIN,4,TRUE,FALSE,,TRUE,,"De quadrante geometrico libellus. In quo quidquid ad linearum et superficierum, utpote altitudinum et latitudinum, dimensiones facit lucidissime demonstratur. Additae figurae aeneae XXXVII",Cornelis Jode,Christoph Lochner,631201,,,,,,
bib-67,Additional Work,1595,Paris,LATIN,4,FALSE,FALSE,,TRUE,,Pseudo-mesolabum et alia quaedam adiuncta capitula. Ex geometricis schediasmatis,François Viète,Jamet Mettayer,158424,,,,,,
bib-40,Additional Work,1596,Delft,DUTCH,2,TRUE,FALSE,,TRUE,,Vanden circkel. Daer in gheleert werdt te vinden de naeste proportie des circkels-diameter tegen synen omloop daer door alle circkels,Ludolph van Ceulen,Jan Andriesz,423602,,,,,,
GGD02E,Additional Work,1596,Venice,ITALIAN,2,TRUE,FALSE,,TRUE,,La pratica di prospettiua del cavalier Lorenzo Sirigatti al serenissimo Ferdinando Medici granduca di Toscana,Lorenzo Sirigatti,Girolamo De Franceschi,856542,,,,,,
bib-76,Additional Work,1598,Venice,LATIN,8,TRUE,FALSE,,TRUE,,"Cosmographia in quatuor libros distributa, summo ordine, miraque facilitate, ac brevitate ad magnam Ptolomaei mathematicam constructionem, ad universamque astrologiam instituens: Francisco Barocio, Iacobi filio, patritio Veneto autore. Cum prefatione eiusdem autoris, in qua perfecta quidem astrologiae divisio, & enarratio autorum illustrium, & voluminum ab eis conscriptorum in singulis astrologiae partibus habetur Praecesserunt etiam quaedam communia mathematica, necnon arithmetica, & geometrica nonnullaeque propositiones, de quibus in toto opere saepe fit mentio: ac demum locupletissimus index eorum, quae ipsa Cosmographia continentur. Omnia nuper in hac secunda editione ab ipso autore diligenter recognita, multisque in locis aucta",Franciscus Barocius,Gratiosus Perchacinus,812371,,,,,,
bib-127,Additional Work,1598,Nuremberg,LATIN,4,FALSE,FALSE,,TRUE,,"Problema, quod jubet ex quatuor rectis lineis datis quadrilaterum fieri, quod sit in circulo. Aliquot modis explicatum a ´johan. Praetorio Joachimico.",Johannes Praetorius,Valentin Furmann,686763,,,,,,
bib-148,Additional Work,1598,Paris,FRENCH,2,TRUE,FALSE,,TRUE,,Le gouvernail,Ambroise Bachot,Ambroise Bachot,67813,,,,,,
bib-150,Additional Work,1598,London,ENGLISH,2,FALSE,FALSE,Dots in army layouts,TRUE,,The theorike and practike of moderne warres discoursed in dialogue wise,Robert Barret,William Ponsonby,513584,,,,,,
2BRI1Z,Additional Work,1598,Oxford,ENGLISH,2,FALSE,FALSE,,TRUE,,A tracte containing the artes of curious paintinge carvinge buildinge,Giovanni Paolo Lomazzo,"Richard Haydock, Joseph Barnes",513708,,,,,,
bib-20,Additional Work,1599,Rome,ITALIAN,2,TRUE,TRUE,Dots in a visualization of triangular numbers,TRUE,,Geometria prattica tratta dagl’Elementi d’Euclide et altri auttori da Giovanni Pomodoro venetiano mathematico eccellentissimo descritta et dichiarata da Giovanni Scala mathematico,"Giovanni Pomodoro, Giovanni Scala",Stefano de Paolini,850265,,,,,,
bib-209,Additional Work,1600,Leiden,DUTCH,4,TRUE,FALSE,,TRUE,,Practijck des lantmetens van nieus ghecomponeert,"Johan Sems, Jan Pietersz Dou",Jan Bouwmeester,425171,,,,,,
bib-210,Additional Work,1600,Leiden,DUTCH,4,TRUE,FALSE,,TRUE,,"Van het gebruyck der geometrijsche instrumenten. Practijck des landmetens leerende alle rechte ende cromsijdige landen, bosschen, boomgaerden, ende ander velden meten, soo wel met behulp des quadrants als sonder het selve","Johan Sems, Jan Pietersz Dou",Jan Bouwmeester,425172,,,,,,
bib-280,Additional Work,1600,Paris,FRENCH,2,TRUE,FALSE,,TRUE,,La fortification reduicte en art,Jean Errard,,53108,,,,,,
WHEESV,Additional Work,1600,Pesaro,LATIN,2,TRUE,FALSE,Dotted lines appear on the title page,TRUE,,Perspectiuae libri sex,Guidobaldo Del Monte,Girolamo Concordia,826168,,,,,,
NTML0S,Additional Work,1600,Venice,ITALIAN,4,TRUE,FALSE,,TRUE,,"Tutte l'opere d'architettura et prospettiva, di Sebastiano Serlio bolognese dove si mettono in disegno tutte le maniere di edificii, e si trattano di quelle cose che sono più necessarie a sapere gli architetti. Con la giunta delle invenzioni di cinquantaporte e gran numero di palazzi publici e privati Diviso in sette libri. Con un'indice [!] et un breve discorso sopra questa materia, raccolto da m. Giovanni Domenico Scamozzi vicentino. Di nuovo ristampate e corrette","Sebastiano Serlio, Giovanni Domenico Scamozzi",Francesco de Franceschi,856064,,,,,,
ustc-29,Additional Work,1602,Paris,FRENCH,8,TRUE,FALSE,,TRUE,,La geometrie et practique generalle d'icelle. Au tres-chrestien roy de France et de Navarre,Jean Errard,Guillaume Auvray,6017214,,,,,,
bib-93,Additional Work,1603,Venice,ITALIAN,4,TRUE,FALSE,,TRUE,,"Pratica d'arithmetica, e geometria, nuovamente posta in luce dal r.p.f. Lorenzo Forestani da Pescia ... nella qual si dimostra un vero, e facilissimo modo da risoluer ogni sorte di ragioni ..",Lorenzo Forestani,Giorgio Varisco,4030567,,,,,,
bib-212,Additional Work,1603,Amsterdam,DUTCH,8,TRUE,FALSE,Visualization of counting boards,TRUE,,Arithmetica. Practicque omme int corte te leeren cypheren naer alderleye coophandelinghe: [4 parts],Nicolaus Petri,Cornelis Claesz,1025728,,,,,,
bib-283,Additional Work,1603,London,ENGLISH,8,FALSE,FALSE,,FALSE,,"The well spring of sciences Which teacheth the perfect worke and practise of arithmeticke, both in whole numbers and fractions",Humfrey Baker,Thomas Purfoot,3000859,,,,,,
ustc-16,Additional Work,1604,Paris,FRENCH,4,TRUE,FALSE,,TRUE,,"La Fabrique et l'usage du radiomètre, instrument géométrique et astronomique",Pierre Le Comte,Toussaint Du Bray,6014623,,,,,,
Bologna_1620,Additional Work,1620,Bologna,ITALIAN,2,FALSE,FALSE,,FALSE,,I primi sei libri de gl’Elementi d’Euclide ridotti alla Prattica,Pietro Antonio Cataldi,Cochi,4006529,,,,,,
Paris_1626,Additional Work,1626,Paris,FRENCH,4,FALSE,FALSE,,FALSE,,"Paradoxes de Meynier contre les mathématiciens qui abusent la jeunesse, ensemble les définitions, théorèmes et maximes d'Euclides, d'Archimèdes, de Proclus, de Sacrobosco et d'Aristote... avec un abrégé des reigles de la géométrie, et des principalles max",Honorat de Meynier,"NICOLAS ROUSSET, Ivlian Iacqvin",6021135,,,,,,
Bologna_1629a,Additional Work,1629,Bologna,LATIN,,FALSE,FALSE,,FALSE,,"Speculum Euclidianum totam Euclidis planimetriam, quae absoluta dicitur; & extranea nonnulla, geometrica tamen, internotata unico in schemate lineariter repraesentans, omniaque propriis, firmisque demonstrationibus clare, atque particulatim enodans",Ovidio Montalbani,Clement Ferroni,4008056,,,,,,
Amsterdam_1660a,Additional Work,1660,Amsterdam,LATIN,4,FALSE,FALSE,,FALSE,,De universæ mathesios natura & constitutione liber,Gerrit Janszoon Vos,Jan Blaeu,1844596,,,,,,
Valencia_1673,Additional Work,1673,Valencia,LATIN,4,FALSE,FALSE,,FALSE,,Euclidem novo antiquum singulari methodo illustratum,José Zaragoza,Jerónimo Villagrasa,5053285,,,,,,
Rome_1679,Additional Work,1679,Rome,LATIN,12,FALSE,FALSE,,FALSE,,"Euclides restitutus, sive prisca geometriae elementa",Giovanni Alfonso Borelli,Mascardi,1704068,,,,,,
Venice_1482,Main Elements,1482,Venice,LATIN,2,FALSE,FALSE,,TRUE,,"Preclarissimus liber elementorum Euclidis perspicacissimi, in artem geometrie incipit quam foelicissime",Erhard Ratdolt,Erhard Ratdolt,,"1, 2, 3, 4, 5, 6, 7, 8, 9, 10, 11, 12, 13, 14, 15",TRUE,TRUE,TRUE,TRUE,
Venice_1505,Main Elements,1505,Venice,LATIN,2,FALSE,FALSE,,TRUE,,Euclidis megarensis philosophi platonici mathematicarum disciplinarum Ianitoris,Bartolomeo Zamberti,Giovanni Tacuino,,"1, 2, 3, 4, 5, 6, 7, 8, 9, 10, 11, 12, 13, 14, 15",TRUE,TRUE,TRUE,TRUE,"Phaenomena, Optica, Catoptrica, Data"
Venice_1510,Main Elements,1510,Venice,LATIN,2,FALSE,FALSE,,TRUE,Venice_1505,Euclidis megarensis philosophi platonici mathematicarum disciplinarum janitoris,Bartolomeo Zamberti,Giovanni Tacuino,,"1, 2, 3, 4, 5, 6, 7, 8, 9, 10, 11, 12, 13, 14, 15",TRUE,TRUE,TRUE,TRUE,"Phaenomena, Optica, Catoptrica, Data"
Venice_1509,Main Elements,1509,Venice,LATIN,2,FALSE,FALSE,,TRUE,,Euclidis megarensis philosophi acutissimi mathematicorumque omnium sine controversia principis opera,Luca Pacioli,Paganino,,"1, 2, 3, 4, 5, 6, 7, 8, 9, 10, 11, 12, 13, 14, 15",TRUE,TRUE,TRUE,TRUE,
Paris_1516,Main Elements,1516,Paris,LATIN,2,FALSE,TRUE,,TRUE,,Euclidis Megarensis geometricorum elementorum libri XV,Jacques Lefèvre d'Étaples,Henri Estienne,,"1, 2, 3, 4, 5, 6, 7, 8, 9, 10, 11, 12, 13, 14, 15",TRUE,TRUE,TRUE,TRUE,
Basel_1533,Main Elements,1533,Basel,"GREEK, LATIN",2,FALSE,TRUE,,TRUE,,ΕΥΚΛΕΙΔΟΥ ΣΤΟΙΧΕΙΩΝ. Euclidis Elementa.,Simon Grynaeus,Johann Herwagen,,"1, 2, 3, 4, 5, 6, 7, 8, 9, 10, 11, 12, 13, 14, 15",TRUE,TRUE,TRUE,TRUE,
Paris_1536,Main Elements,1536,Paris,"LATIN, GREEK",2,FALSE,FALSE,,TRUE,,In sex priores libros geometricorum elementorum Euclidis Megarensis demonstrationes,Oronce Finé,Simon de Colines,,"1, 2, 3, 4, 5, 6",TRUE,FALSE,FALSE,FALSE,
Paris_1544,Main Elements,1544,Paris,"LATIN, GREEK",2,FALSE,FALSE,,TRUE,Paris_1536,In sex priores libros geometricorum elementorum Euclidis Megarensis demonstrationes,Oronce Finé,Simon de Colines,,"1, 2, 3, 4, 5, 6",TRUE,FALSE,FALSE,FALSE,
Paris_1551,Main Elements,1551,Paris,"LATIN, GREEK",4,FALSE,FALSE,,TRUE,Paris_1536,In sex priores libros geometricorum elementorum Euclidis Megarensis demonstrationes,Oronce Finé,Reginaldo Caldera,,"1, 2, 3, 4, 5, 6",TRUE,FALSE,FALSE,FALSE,
Basel_1537,Main Elements,1537,Basel,LATIN,2,FALSE,TRUE,,TRUE,,Euclidis Megarensis mathematici clarissimi elementorum geometricorum libri XV,Christian Herlin,Johann Herwagen,,"1, 2, 3, 4, 5, 6, 7, 8, 9, 10, 11, 12, 13, 14, 15",TRUE,TRUE,TRUE,TRUE,"Phaenomena, Catoptrica, Optica, Data, De levi et ponderoso"
Basel_1546,Main Elements,1546,Basel,LATIN,2,FALSE,TRUE,,TRUE,Basel_1537,Euclidis Megarensis mathematici clarissimi elementorum geometricorum libri XV,Christian Herlin,Johann Herwagen,,"1, 2, 3, 4, 5, 6, 7, 8, 9, 10, 11, 12, 13, 14, 15",TRUE,TRUE,TRUE,TRUE,"Phaenomena, Catoptrica, Optica, Data, De levi et ponderoso"
Basel_1558,Main Elements,1558,Basel,LATIN,2,FALSE,TRUE,,TRUE,Basel_1537,Euclidis Megarensis mathematici clarissimi elementorum geometricorum libri XV,Christian Herlin,"Johann Herwagen, Bernhard Brand",654852,"1, 2, 3, 4, 5, 6, 7, 8, 9, 10, 11, 12, 13, 14, 15",TRUE,TRUE,TRUE,TRUE,"Phaenomena, Catoptrica, Optica, Data, De levi et ponderoso"
Strasbourg_1559,Main Elements,1559,Strasbourg,"GREEK, LATIN",8,FALSE,FALSE,,TRUE,Strasbourg_1538,ΕΥΚΛΕΙΔΟΥ ΤΩΝ ΠΕΝΤΕ ΚΑΙ ΔΕΚΑ ΣΤΟΙΧΕΙΩΝ ἐκ τῶν τοῦ Θέωνος συνουσιῶν τὸ πρῶτον,Josias Rihel (?),Josias Rihel (?),,1,TRUE,FALSE,FALSE,FALSE,
Strasbourg_1538,Main Elements,1538,Strasbourg,"GREEK, LATIN",4,FALSE,FALSE,,TRUE,,ΕΥΚΛΕΙΔΟΥ ΤΩΝ ΠΕΝΤΕ ΚΑΙ ΔΕΚΑ ΣΤΟΙΧΕΙΩΝ ἐκ τῶν τοῦ ΘΕΩΝΟΣ συνουσιῶν τὸ πρῶτον,Josias Rihel (?),Josias Rihel (?),,1,TRUE,FALSE,FALSE,FALSE,
Venice_1543,Main Elements,1543,Venice,ITALIAN,2,FALSE,FALSE,,TRUE,,"Euclide Megarense philosopho, solo introduttore delle scientie mathematice",Niccolò Tartaglia,Venturino Ruffinelli,,"1, 2, 3, 4, 5, 6, 7, 8, 9, 10, 11, 12, 13, 14, 15",TRUE,TRUE,TRUE,TRUE,
Venice_1565,Main Elements,1565,Venice,ITALIAN,8,FALSE,FALSE,,TRUE,Venice_1543,"Euclide Megarense philosopho, solo introduttore delle scientie mathematice",Niccolò Tartaglia,Curtio Troiano,,"1, 2, 3, 4, 5, 6, 7, 8, 9, 10, 11, 12, 13, 14, 15",TRUE,TRUE,TRUE,TRUE,De levi et ponderoso
Venice_1569,Main Elements,1569,Venice,ITALIAN,8,FALSE,FALSE,,TRUE,Venice_1543,"Euclide megarense acutissimo philosopho, solo introduttore delle scientie mathematice",Niccolò Tartaglia,Giovanni Bariletto,,"1, 2, 3, 4, 5, 6, 7, 8, 9, 10, 11, 12, 13, 14, 15",TRUE,TRUE,TRUE,TRUE,De levi et ponderoso
Venice_1585,Main Elements,1585,Venice,ITALIAN,4,FALSE,FALSE,,TRUE,Venice_1543,"Euclide Megarense philosopho, solo introduttore delle scientie mathematice",Niccolò Tartaglia,Troiano,,"1, 2, 3, 4, 5, 6, 7, 8, 9, 10, 11, 12, 13, 14, 15",TRUE,TRUE,TRUE,TRUE,De levi et ponderoso
Venice_1586,Main Elements,1586,Venice,ITALIAN,4,FALSE,FALSE,,TRUE,Venice_1543,"Euclide Megarense philosopho, solo introduttore delle scientie mathematice",Niccolò Tartaglia,Troiano,,"1, 2, 3, 4, 5, 6, 7, 8, 9, 10, 11, 12, 13, 14, 15",TRUE,TRUE,TRUE,TRUE,De levi et ponderoso
Rome_1545,Main Elements,1545,Rome,GREEK,8,FALSE,FALSE,,FALSE,,ΕΥΚΛΕΙΔΟΥ ΣΤΟΙΧΕΙΩΝ ΒΙΒΛΙΑ ιε. Euclidis Elementorum libri XV,Angelo Caiani,,,"1, 2, 3, 4, 5, 6, 7, 8, 9, 10, 11, 12, 13, 14, 15",TRUE,TRUE,TRUE,TRUE,Includes only the enunciations
Rome_1545a,Main Elements,1545,Rome,LATIN,8,FALSE,FALSE,,FALSE,,ΕΥΚΛΕΙΔΟΥ ΣΤΟΙΧΕΙΩΝ ΒΙΒΛΙΑ ιε. Euclidis Elementorum libri XV,Angelo Caiani,Antonio Blado Asolano,,"1, 2, 3, 4, 5, 6, 7, 8, 9, 10, 11, 12, 13, 14, 15",TRUE,TRUE,TRUE,TRUE,
Leipzig_1549,Main Elements,1549,Leipzig,LATIN,8,FALSE,FALSE,,TRUE,,"Euclidis elementorum geometricorum libri sex, conversi in Latinum sermonem","Joachim Kammermeister, Georg Joachim Rhäticus",Georg Joachim Rhäticus,654436,"1, 2, 3, 4, 5, 6",TRUE,FALSE,FALSE,FALSE,
Paris_1549,Main Elements,1549,Paris,LATIN,8,FALSE,FALSE,,FALSE,,Euclides,Pierre de la Ramée,Thomas Richardus,,"1, 2, 3, 4, 5, 6, 7, 8, 9, 10, 11, 12, 13, 14, 15",TRUE,TRUE,TRUE,TRUE,Includes only the enunciations
Paris_1558a,Main Elements,1558,Paris,LATIN,4,FALSE,FALSE,,FALSE,Paris_1549,Euclides,Pierre de la Ramée,Thomas Richard,,"1, 2, 3, 4, 5, 6, 7, 8, 9, 10, 11, 12, 13, 14, 15",TRUE,TRUE,TRUE,TRUE,Includes only the enunciations
Basel_1550,Main Elements,1550,Basel,LATIN,2,TRUE,FALSE,"Multiple geometrical dotted lines in diagrams from Books I, III and VI",TRUE,,Euclidis Megarensis philosophi et mathematici excellentissimi sex libri priores de geometricis principiis,Johannes Scheubel,Johann Herwagen,,"1, 2, 3, 4, 5, 6",TRUE,FALSE,FALSE,FALSE,
Paris_1551a,Main Elements,1551,Paris,LATIN,4,FALSE,TRUE,,TRUE,,Euclidis elementorum liber decimus,Pierre de Montdoré,Jean de Vascosan,,10,FALSE,FALSE,TRUE,FALSE,
Augsburg_1555,Main Elements,1555,Augsburg,GERMAN,4,FALSE,FALSE,,TRUE,,"Das sibend, acht und neünt büch des hochberümbten mathematici Euclidis Megarensis",Johannes Scheubel,Valentin Ottmar,,"7, 8, 2009",FALSE,TRUE,FALSE,FALSE,
Cologne_1556,Main Elements,1556,Cologne,LATIN,8,FALSE,FALSE,,FALSE,,Euclidis Megarensis mathematici clarissimi elementorum geometricorum liber primus,Valentin Naboth,Birckmann,,"1, 2, 3, 4, 5, 6, 7, 8, 9, 10, 11, 12, 13, 14, 15",TRUE,TRUE,TRUE,TRUE,
Lyon_1557,Main Elements,1557,Lyon,LATIN,2,FALSE,FALSE,,TRUE,,In Euclidis Elementa geometrica demonstrationum libri sex,Jacques Peletier,"Jean di Tournes, Guillaume Gazeau",,"1, 2, 3, 4, 5, 6",TRUE,FALSE,FALSE,FALSE,
Basel_1562,Main Elements,1562,Basel,GERMAN,2,TRUE,FALSE,Multiple geometrical dotted lines in diagrams from Books I–IV and VI,TRUE,,"Die sechs ersten Bücher Euclidis, vom Anfang oder Grund der Geometrie",Wilhelm Xylander,"Jakob Kündig, Johann Oporinus",637240,"1, 2, 3, 4, 5, 6",TRUE,FALSE,FALSE,FALSE,
Cologne_1564,Main Elements,1564,Cologne,LATIN,8,FALSE,TRUE,,TRUE,,"Euclidis elementorum libri XV, Graece et Latine","Jean Magnien, Étienne Gracile",Maternus Cholinus,,"1, 2, 3, 4, 5, 6, 7, 8, 9, 10, 11, 12, 13, 14, 15",TRUE,TRUE,TRUE,TRUE,Includes only the enunciations
Paris_1564,Main Elements,1564,Paris,FRENCH,4,TRUE,FALSE,Geometrical dotted lines in I.43,TRUE,,"Les six premiers livres des Éléments d’Euclide, traduits et commentés",Pierre Forcadel,"Jérôme de Marnef, Guillaume Cauellat",,"1, 2, 3, 4, 5, 6",TRUE,FALSE,FALSE,FALSE,
Wittenberg_1564,Main Elements,1564,Wittenberg,"GREEK, LATIN",8,FALSE,FALSE,,FALSE,,Arithmetices Euclideae,Joannes Sthen,Peter Seitz,613108,7,FALSE,TRUE,FALSE,FALSE,
Paris_1565,Main Elements,1565,Paris,FRENCH,4,FALSE,FALSE,,FALSE,,"Les septième, huitième et neuvième livres des Éléments d’Euclide",Pierre Forcadel,Charles Perier,,"7, 8, 2009",FALSE,TRUE,FALSE,FALSE,
Paris_1566a,Main Elements,1566,Paris,FRENCH,8,FALSE,FALSE,,TRUE,,Les six premiers livres des Éléments d’Euclide,Pierre Forcadel,Charles Perier,,"1, 2, 3, 4, 5, 6",TRUE,FALSE,FALSE,FALSE,Includes only the enunciations
Paris_1566,Main Elements,1566,Paris,LATIN,2,FALSE,FALSE,,TRUE,,Euclidis Megarensis mathematici clarissimi elementa geometrica libri XV,François de Foix-Candale,Johann Royer,,"1, 2, 3, 4, 5, 6, 7, 8, 9, 10, 11, 12, 13, 14, 15, 16",TRUE,TRUE,TRUE,TRUE,
London_1570,Main Elements,1570,London,ENGLISH,2,TRUE,TRUE,Geometrical dotted lines in VI.Def.6 and XII.17,TRUE,,The elements of geometrie of the most ancient philosopher Euclide of Megara,"Henry Billingsley, John Dee",John Daye,,"1, 2, 3, 4, 5, 6, 7, 8, 9, 10, 11, 12, 13, 14, 15, 16",TRUE,TRUE,TRUE,TRUE,
Pesaro_1572,Main Elements,1572,Pesaro,LATIN,2,FALSE,TRUE,,TRUE,,Euclidis elementorum libri XV una cum scholiis antiquis,Federico Commandino,Camillo Franceschini,,"1, 2, 3, 4, 5, 6, 7, 8, 9, 10, 11, 12, 13, 14, 15",TRUE,TRUE,TRUE,TRUE,
Rome_1574,Main Elements,1574,Rome,LATIN,8,FALSE,TRUE,,TRUE,,Euclidis elementorum libri XV,Christopher Clavius,Vincentium Accoltum,828480,"1, 2, 3, 4, 5, 6, 7, 8, 9, 10, 11, 12, 13, 14, 15, 16",TRUE,TRUE,TRUE,TRUE,
Urbino_1575,Main Elements,1575,Urbino,ITALIAN,2,FALSE,TRUE,,TRUE,,De gli elementi d’Euclide libri quindici con gli scolii antichi,"Federico Commandino, Valerio Spacciuoli",Domenico Frisolino,,"1, 2, 3, 4, 5, 6, 7, 8, 9, 10, 11, 12, 13, 14, 15",TRUE,TRUE,TRUE,TRUE,
Pesaro_1619,Main Elements,1619,Pesaro,LATIN,2,FALSE,TRUE,,TRUE,Pesaro_1572,Euclidis elementorum libri XV una cum scholiis antiquis,"Federico Commandino, Valerio Spacciuoli","Guglielmo Ingegneri, Flaminio Concordi",4026539,"1, 2, 3, 4, 5, 6, 7, 8, 9, 10, 11, 12, 13, 14, 15",TRUE,TRUE,TRUE,TRUE,
Pesaro_1619a,Main Elements,1619,Pesaro,ITALIAN,2,FALSE,TRUE,,TRUE,Urbino_1575,De gli elementi d’Euclide libri quindici con gli scolii antichi,"Federico Commandino, Valerio Spacciuoli",Flaminio Concordia,,"1, 2, 3, 4, 5, 6, 7, 8, 9, 10, 11, 12, 13, 14, 15",TRUE,TRUE,TRUE,TRUE,
Venice_1575,Main Elements,1575,Venice,LATIN,4,FALSE,FALSE,,TRUE,,Opuscula mathematica,Francesco Maurolico,Francesco de Franceschi,,"13, 14, 15",FALSE,FALSE,FALSE,TRUE,
Seville_1576,Main Elements,1576,Seville,SPANISH,4,FALSE,FALSE,,TRUE,,Los seis libros primeros de la geometría de Euclides,Rodorigo de Zamorano,Alonso de la Barrera,336161,"1, 2, 3, 4, 5, 6",TRUE,FALSE,FALSE,FALSE,
Rome_1589,Main Elements,1589,Rome,LATIN,8,TRUE,TRUE,"Geometrical dotted lines in I.Def.12, I.12, I.28, I.47, II.12–14, IV.5, IV.11, VI.11 and VI.17",TRUE,,Euclidis elementorum libri XV,Christopher Clavius,"Santi et soc., Bartolomeo Grassi",828484,"1, 2, 3, 4, 5, 6, 7, 8, 9, 10, 11, 12, 13, 14, 15, 16",TRUE,TRUE,TRUE,TRUE,
Cologne_1591,Main Elements,1591,Cologne,LATIN,4,TRUE,TRUE,"Multiple geometrical dotted lines in diagrams from Book I, as well as in II.12, II.13, III.11, III.12, IV.5, IV.11, VI.16, VI.17, VI.33 and XIII.13",TRUE,,Euclidis elementorum libri XV; accessit XVI de solidorum regularium cuiuslibet intra quodlibet comparatione,Christopher Clavius,Giovanni Battista Ciotti,,"1, 2, 3, 4, 5, 6, 7, 8, 9, 10, 11, 12, 13, 14, 15, 16",TRUE,TRUE,TRUE,TRUE,
Paris_1598a,Main Elements,1598,Paris,FRENCH,8,TRUE,FALSE,Geometrical dotted lines in III.25,TRUE,,Les six premiers livres des Éléments d’Euclide,Jean Errard,Guillaume Auvray,,"1, 2, 3, 4, 5, 6",TRUE,FALSE,FALSE,FALSE,
Arnhem_1603,Main Elements,1603,Arnhem,LATIN,4,FALSE,FALSE,,TRUE,,In geometriam Euclidis prioribus sex elementorum libris comprehensam demonstratio linealis,Christoffer Dybvad,Johannes Jansz,,"1, 2, 3, 4, 5, 6",TRUE,FALSE,FALSE,FALSE,
Leiden_1606,Main Elements,1606,Leiden,DUTCH,4,TRUE,FALSE,Multiple geometrical dotted lines in diagrams from Books I–IV and VI,TRUE,,De ses eerste boucken Euclidis,Jan Pietersz Dou,Jan Bouwensz,,"1, 2, 3, 4, 5, 6",TRUE,FALSE,FALSE,FALSE,
Wittenberg_1609,Main Elements,1609,Wittenberg,LATIN,8,TRUE,TRUE,"Multiple geometrical dotted lines in diagrams from Books I, III, IV and VI",TRUE,,Euclidis elementorum libri XIII,Ambrosius Rhode,Paul Helwig,,"1, 2, 3, 4, 5, 6, 7, 8, 9, 10, 11, 12, 13",TRUE,TRUE,TRUE,TRUE,
Wittenberg_1634,Main Elements,1634,Wittenberg,LATIN,8,TRUE,TRUE,"Multiple geometrical dotted lines in diagrams from Books I, III, IV and VI",TRUE,Wittenberg_1609,Euclidis elementorum libri XIII,Ambrosius Rhode,Heirs of Paul Helwig,-,"1, 2, 3, 4, 5, 6, 7, 8, 9, 10, 11, 12, 13",TRUE,TRUE,TRUE,TRUE,
Geneva_1610,Main Elements,1610,Geneva,LATIN,4,FALSE,FALSE,,TRUE,,In Euclidis Elementa geometrica demonstrationum libri sex,Jacques Peletier,Jean di Tournes,,"1, 2, 3, 4, 5, 6",TRUE,FALSE,FALSE,FALSE,
Ansbach_1610,Main Elements,1610,Ansbach,"GERMAN, LATIN",2,TRUE,FALSE,"Multiple geometrical dotted lines in diagrams from Books I, III and VI",TRUE,,Die ersten sechs Bücher Elementorum Euclidis,Simon Marius,Paulum Böhm,,"1, 2, 3, 4, 5, 6",TRUE,FALSE,FALSE,FALSE,
Paris_1610,Main Elements,1610,Paris,FRENCH,4,FALSE,TRUE,,TRUE,,Les éléments de la géométrie d’Euclide Mégarien,Didier Dounot,Jacques Le Roy,,"1, 2, 3, 4, 5, 6, 7, 8, 9, 10, 11, 12, 13, 14, 15",TRUE,TRUE,TRUE,TRUE,
Paris_1612,Main Elements,1612,Paris,LATIN,2,FALSE,TRUE,,TRUE,,Euclidis elementorum decimum,Florimond du Puy,Jean de Heuqueville,,10,FALSE,FALSE,TRUE,FALSE,
Paris_1613,Main Elements,1613,Paris,FRENCH,4,TRUE,TRUE,Multiple geometrical dotted lines in diagrams from Book I,TRUE,,Les éléments de la géométrie d’Euclide Mégarien,Didier Dounot,Jacques Le Roy,,"1, 2, 3, 4, 5, 6, 7, 8, 9, 10, 11, 12, 13, 14, 15",TRUE,TRUE,TRUE,TRUE,
Paris_1615,Main Elements,1615,Paris,FRENCH,8,TRUE,TRUE,Geometrical dotted lines in I.42 and VI.18,TRUE,,"Les quinze livres des Éléments d’Euclide, traduits du latin en français",Denis Henrion,Jean Antoine Joallin,,"1, 2, 3, 4, 5, 6, 7, 8, 9, 10, 11, 12, 13, 14, 15",TRUE,TRUE,TRUE,TRUE,
Paris_1621,Main Elements,1621,Paris,FRENCH,8,TRUE,TRUE,Geometrical dotted lines in I.42 and VI.18,TRUE,Paris_1615,"Les quinze livres des Éléments d’Euclide, traduits du latin en français",Denis Henrion,Jean Antoine Joallin,,"1, 2, 3, 4, 5, 6, 7, 8, 9, 10, 11, 12, 13, 14, 15",TRUE,TRUE,TRUE,TRUE,
Ingolstadt_1617,Main Elements,1617,Ingolstadt,LATIN,8,FALSE,FALSE,,TRUE,,Euclidis elementorum geometricorum libri sex priores,Johann Lanz,Angermayer,,"1, 2, 3, 4, 5, 6",TRUE,FALSE,FALSE,FALSE,
Bologna_1629,Main Elements,1629,Bologna,LATIN,8,FALSE,FALSE,,TRUE,Ingolstadt_1617,Euclidis elementorum geometricorum libri sex priores,Johann Lanz,Heirs of Giovanni Rossi,,"1, 2, 3, 4, 5, 6",TRUE,FALSE,FALSE,FALSE,
Geneva_1628,Main Elements,1628,Geneva,FRENCH,8,FALSE,FALSE,,TRUE,,Les six premiers livres des éléments géométriques d’Euclide,"Jacques Peletier, Jean de Tournes",Jean di Tournes,,"1, 2, 3, 4, 5, 6",TRUE,FALSE,FALSE,FALSE,
Paris_1632,Main Elements,1632,Paris,FRENCH,4,TRUE,TRUE,"Geometrical dotted lines in I.23, I.32, I.35–36, I.40–42, III.8, III.22, III.23, III.25, III.30, VI.18 and VI.20",TRUE,,Les quinze livres des éléments géométriques d'Euclide,Denis Henrion,Isaac Dedin,,"1, 2, 3, 4, 5, 6, 7, 8, 9, 10, 11, 12, 13, 14, 15",TRUE,TRUE,TRUE,TRUE,Data
Uppsala_1642,Main Elements,1642,Uppsala,LATIN,4,TRUE,FALSE,"Geometrical dotted lines in diagrams from Book I, II.12, II.13, III.12, III.20, III.22, III.30, IV.def.3, IV.11, and on the title page",TRUE,,In geometriam Euclidis demonstrationum libri sex,Martinus Erici Gestrinius,Eschillus Matthiae,251967,"1, 2, 3, 4, 5, 6",TRUE,FALSE,FALSE,FALSE,